2020-10-23,IPOE,Social Capital Hedosophia Holdings Corp. V,25.14,+4.86,+23.96%,36435000,7524000,2530000000
2020-10-23,TSLA,"Tesla, Inc.",793.53,-41.90,-5.02%,34991000,43992000,752188000000
2020-10-23,CCIV,Churchill Capital Corp IV,22.88,+0.55,+2.46%,33426000.000000004,19140000,5920000000
2020-10-23,INO,"Inovio Pharmaceuticals, Inc.",12.75,+1.80,+16.44%,33384000,12914000,2608000000
2020-10-23,RIG,Transocean Ltd.,3.36,+0.1500,+4.67%,32314999.999999996,41710000,2065000000
2020-10-23,AG,First Majestic Silver Corp.,18.12,+1.26,+7.47%,30691000,8401000,3978000000
2020-10-23,FB,"Facebook, Inc.",258.33,-6.67,-2.52%,30389000,19687000,735639000000
2020-10-23,FUBO,fuboTV Inc.,42.25,+2.40,+6.02%,30111000,20145000,4599000000
2020-10-23,TLRY,"Tilray, Inc.",18.1,-0.60,-3.23%,29194000,28751000,2864000000
2020-10-23,SPCE,"Virgin Galactic Holdings, Inc.",44.29,+1.18,+2.74%,28648000,17944000,10379000000
2020-10-23,NNDM,Nano Dimension Ltd.,13.74,-0.61,-4.25%,28163000,30737000,2365000000
2020-10-23,CMCSA,Comcast Corporation,49.57,-2.03,-3.93%,27480000,18536000,226799000000
2020-10-23,C,Citigroup Inc.,57.99,-1.84,-3.08%,27078000,23094000,120741000000
2020-10-23,BBD,Banco Bradesco S.A.,4.54,-0.1400,-2.99%,26553000,26637000,38010000000
2020-10-23,ABEV,Ambev S.A.,2.79,-0.1100,-3.79%,26236000,24816000,44237000000
2020-10-23,VZ,Verizon Communications Inc.,54.75,-0.62,-1.12%,26231000,16942000,226555000000
2020-10-23,SRNE,"Sorrento Therapeutics, Inc.",12.66,+0.43,+3.52%,26589000,17842000,3465000000
2020-10-23,NCLH,Norwegian Cruise Line Holdings Ltd.,22.65,-1.51,-6.25%,26086000,23642000,6243000000
2020-10-23,SWN,Southwestern Energy Company,3.77,+0.0200,+0.53%,25959000,19880000,2543000000
2020-10-23,ERIC,Telefonaktiebolaget LM Ericsson (publ),12.47,+0.84,+7.22%,25821000,7178000,42362000000
2020-10-23,GOLD,Barrick Gold Corporation,22.37,+0.01,+0.04%,25414000,20236000,39575000000
2020-10-23,PLUG,Plug Power Inc.,63.17,-2.11,-3.23%,27656000,45712000,31412000000
2020-10-23,M,"Macy''s, Inc.",15.04,-0.53,-3.40%,24917000,31473000,4670000000
2020-10-23,ACB,Aurora Cannabis Inc.,11.15,-0.55,-4.70%,24796000,44478000,2181000000
2020-10-23,IPOE,Social Capital Hedosophia Holdings Corp. V,25.14,+4.86,+23.96%,36435000,7524000,2530000000
2020-10-23,TSLA,"Tesla, Inc.",793.53,-41.90,-5.02%,34991000,43992000,752188000000
2020-10-23,CCIV,Churchill Capital Corp IV,22.88,+0.55,+2.46%,33770000,19140000,5920000000
2020-10-23,INO,"Inovio Pharmaceuticals, Inc.",12.75,+1.80,+16.44%,33384000,12914000,2608000000
2020-10-23,RIG,Transocean Ltd.,3.36,+0.1500,+4.67%,32314999.999999996,41710000,2065000000
2020-10-23,AG,First Majestic Silver Corp.,18.12,+1.26,+7.47%,30691000,8401000,3978000000
2020-10-23,FB,"Facebook, Inc.",258.33,-6.67,-2.52%,30389000,19687000,735639000000
2020-10-23,FUBO,fuboTV Inc.,42.25,+2.40,+6.02%,30111000,20145000,4599000000
2020-10-23,TLRY,"Tilray, Inc.",18.1,-0.60,-3.23%,29194000,28751000,2864000000
2020-10-23,SPCE,"Virgin Galactic Holdings, Inc.",44.29,+1.18,+2.74%,28648000,17944000,10379000000
2020-10-23,NNDM,Nano Dimension Ltd.,13.74,-0.61,-4.25%,28163000,30737000,2365000000
2020-10-23,CMCSA,Comcast Corporation,49.57,-2.03,-3.93%,27480000,18536000,226799000000
2020-10-23,C,Citigroup Inc.,57.99,-1.84,-3.08%,25955000,23094000,120741000000
2020-10-23,BBD,Banco Bradesco S.A.,4.54,-0.1400,-2.99%,26466000,26637000,38010000000
2020-10-23,ABEV,Ambev S.A.,2.79,-0.1100,-3.79%,26222000,24816000,44237000000
2020-10-23,VZ,Verizon Communications Inc.,54.75,-0.62,-1.12%,26231000,16942000,226555000000
2020-10-23,SRNE,"Sorrento Therapeutics, Inc.",12.66,+0.43,+3.52%,26589000,17842000,3465000000
2020-10-23,NCLH,Norwegian Cruise Line Holdings Ltd.,22.65,-1.51,-6.25%,26086000,23642000,6243000000
2020-10-23,SWN,Southwestern Energy Company,3.77,+0.0200,+0.53%,25959000,19880000,2543000000
2020-10-23,ERIC,Telefonaktiebolaget LM Ericsson (publ),12.47,+0.84,+7.22%,25821000,7178000,42362000000
2020-10-23,GOLD,Barrick Gold Corporation,22.37,+0.01,+0.04%,25414000,20236000,39575000000
2020-10-23,PLUG,Plug Power Inc.,63.17,-2.11,-3.23%,27656000,45712000,31412000000
2020-10-23,M,"Macy''s, Inc.",15.04,-0.53,-3.40%,24917000,31473000,4670000000
2020-10-23,ACB,Aurora Cannabis Inc.,11.15,-0.55,-4.70%,24898000,44478000,2181000000
2020-10-23,NLY,"Annaly Capital Management, Inc.",8.12,-0.21,-2.52%,24555000,12983000,11354000000
2020-10-23,GM,General Motors Company,50.68,-0.36,-0.71%,24708000,20912000,72539000000
2020-10-23,UAL,"United Airlines Holdings, Inc.",39.99,-2.56,-6.02%,24193000,18090000,12471000000
2020-10-23,VIAC,ViacomCBS Inc.,48.5,-2.10,-4.16%,23341000,13916000,29945000000
2020-10-23,WKHS,Workhorse Group Inc.,34.32,+1.22,+3.69%,23194000,16564000,4136999999.9999995
2020-10-23,X,United States Steel Corporation,17.76,-0.97,-5.18%,22643000,15173000,3914000000
2020-10-23,ET,Energy Transfer LP,6.27,-0.14,-2.18%,21996000,24746000,16915000000
2020-10-23,AUY,Yamana Gold Inc.,4.66,-0.0800,-1.69%,22221000,15391000,4486000000
2020-10-23,RKT,"Rocket Companies, Inc.",21.36,+0.05,+0.23%,21610000,11416000,42388000000
2020-10-23,V,Visa Inc.,193.25,-4.97,-2.51%,21503000,8773000,425842000000
2020-10-23,MRO,Marathon Oil Corporation,7.24,-0.32,-4.23%,23930000,31257000,5715000000
2020-10-23,KMI,"Kinder Morgan, Inc.",14.08,-0.35,-2.41%,22208000,18935000,31874000000
2020-10-23,VALE,Vale S.A.,16.15,-0.60,-3.58%,20981000,31896000,82848000000
2020-10-23,BBBY,Bed Bath & Beyond Inc.,35.33,+1.69,+5.02%,21505000,14311000,4283000000.0000005
2020-10-23,OXY,Occidental Petroleum Corporation,20.06,-0.89,-4.25%,19971000,26569000,18680000000
2020-10-23,JNJ,Johnson & Johnson,163.13,-6.03,-3.56%,19900000,8135000,429446000000
2020-10-23,IFF,International Flavors & Fragrances Inc.,112.38,-2.64,-2.30%,19975000,3376000,12018000000
2020-10-23,PBR,Petróleo Brasileiro S.A. - Petrobras,10.05,-0.50,-4.74%,19114000,23551000,65777000000
2020-10-23,APHA,Aphria Inc.,12.18,-0.78,-6.02%,19046000,15003000,3838000000
2020-10-23,BSX,Boston Scientific Corporation,35.44,-0.90,-2.48%,18465000,13378000,50191000000
2020-10-23,KGC,Kinross Gold Corporation,6.98,0.00,0.00%,18781000,17568000,8757000000
2020-10-23,UBER,"Uber Technologies, Inc.",50.93,-0.65,-1.26%,18743000,23479000,94288000000
2020-10-23,RYCEY,Rolls-Royce Holdings plc,1.34,-0.0700,-4.96%,18736000,9984000,11087000000
2020-10-23,PBCT,"People''s United Financial, Inc.",13.66,-0.06,-0.44%,18557000,5468000,5801000000
2020-10-23,HL,Hecla Mining Company,5.69,+0.07,+1.25%,18388000,9283000,3022000000
2020-10-23,FCX,Freeport-McMoRan Inc.,26.91,-0.88,-3.17%,18183000,20497000,39097000000
2020-10-23,DAL,"Delta Air Lines, Inc.",37.96,-2.12,-5.29%,17688000,15010000,24208000000
2020-10-23,MU,"Micron Technology, Inc.",78.27,-0.12,-0.15%,17934000,18081000,87558000000
2020-10-23,SCHW,The Charles Schwab Corporation,51.54,-2.20,-4.09%,17772000,9500000,96848000000
2020-10-23,TWTR,"Twitter, Inc.",50.53,-1.04,-2.02%,17322000,17126000,40189000000
2020-10-23,CVE,Cenovus Energy Inc.,5.91,+0.01,+0.17%,17140000,9187000,11870000000
2020-10-23,KR,The Kroger Co.,34.5,-0.88,-2.49%,17189000,12621000,26266000000
2020-10-23,CSCO,"Cisco Systems, Inc.",44.58,-0.76,-1.68%,21392000,21722000,188373000000
2020-10-23,CLNY,"Colony Capital, Inc.",4.96,+0.0600,+1.22%,10658000,4912000,2393000000
2020-10-23,ZNGA,Zynga Inc.,9.91,+0.06,+0.61%,16727000,25137000,10693000000
2020-10-23,HBAN,Huntington Bancshares Incorporated,13.23,-0.34,-2.54%,26851000,12456000,13452000000
2020-10-23,DISCA,"Discovery, Inc.",41.42,+0.40,+0.98%,16443999.999999998,8196999.999999999,18295000000
2020-10-23,DKNG,DraftKings Inc.,54.11,-2.06,-3.67%,16428999.999999998,18621000,21196000000
2020-10-23,IBN,ICICI Bank Limited,15.1,+0.16,+1.07%,16390999.999999998,8877000,50833000000
2020-10-23,DISCK,"Discovery, Inc.",35.03,+0.11,+0.32%,16058000,3904000,18295000000
2020-10-23,RTX,Raytheon Technologies Corporation,66.73,-1.44,-2.11%,15649000,8058999.999999999,101344000000
2020-10-23,SLB,Schlumberger Limited,22.21,-0.43,-1.90%,15574000,13992000,30924000000
2020-10-23,WDC,Western Digital Corporation,56.43,+3.78,+7.18%,15496000,4799000,17169000000
2020-10-23,CLF,Cleveland-Cliffs Inc.,15.34,-0.69,-4.30%,15027000,12577000,7324000000
2020-10-23,NVT,nVent Electric plc,22.38,-0.47,-2.06%,15235000,1332000,3807000000
2020-10-23,LUMN,"Lumen Technologies, Inc.",12.38,+0.47,+3.95%,19308000,14430000,13582000000
2020-10-23,SNAP,Snap Inc.,52.94,-0.19,-0.36%,15105000,22478000,78880000000
2020-10-23,AMCR,Amcor plc,10.94,-0.24,-2.15%,14137000,5794000,17158999999.999998
2020-10-23,JPM,JPMorgan Chase & Co.,128.67,-1.44,-1.11%,14808000,15189000,392366000000
2020-10-23,BABA,Alibaba Group Holding Limited,253.83,-6.93,-2.66%,14680000,26920000,689024000000
2020-10-23,HPQ,HP Inc.,24.34,-0.53,-2.13%,14667000,9034000,31390000000
2020-10-23,MS,Morgan Stanley,67.05,-2.27,-3.27%,14573000,11725000,121288000000
2020-10-23,TSM,Taiwan Semiconductor Manufacturing Company Limited,121.52,-4.31,-3.43%,14329000,10565000,548424999999.99994
2020-10-23,MDLZ,"Mondelez International, Inc.",55.44,-1.68,-2.94%,14261000,6314000,79288000000
2020-10-23,MAC,The Macerich Company,15.7,-3.31,-17.41%,14148000,7744000,2347000000
2020-10-23,NKLA,Nikola Corporation,23.09,-0.09,-0.39%,14011000,21717000,8869000000
2020-10-23,BMY,Bristol-Myers Squibb Company,61.43,-0.86,-1.38%,15525000,11091000,138816000000
2020-10-23,KO,The Coca-Cola Company,48.15,-1.00,-2.03%,13775000,17997000,206921000000
2020-10-23,XPEV,XPeng Inc.,48.18,-1.98,-3.95%,13688000,36562000,34361000000
2020-10-23,CX,"CEMEX, S.A.B. de C.V.",5.73,-0.34,-5.60%,13400000,11910000,8656000000
2020-10-23,RLX,RLX Technology Inc.,22.5,-1.77,-7.29%,13408000,36903000,34950000000
2020-10-23,BA,The Boeing Company,194.19,-3.04,-1.54%,13259000,19502000,113081000000
2020-10-23,COTY,Coty Inc.,6.37,-0.38,-5.63%,12274000,14278000,4879000000
2020-10-23,LI,Li Auto Inc.,32.25,+0.04,+0.12%,12491000,30503000,28947000000
2020-10-23,JNPR,"Juniper Networks, Inc.",24.42,-1.69,-6.47%,12347000,4203000,8052000000
2020-10-23,CLOV,"Clover Health Investments, Corp.",13.95,-0.12,-0.85%,12311000,12836000,5642000000
2020-10-23,AZN,AstraZeneca PLC,50.6,-1.44,-2.77%,12446000,10994000,134941000000
2020-10-23,SU,Suncor Energy Inc.,16.73,-0.46,-2.68%,12134000,7875000,25446000000
2020-10-23,SPWR,SunPower Corporation,54.01,+1.12,+2.12%,12013000,9104000,9190000000
2020-10-23,BP,BP p.l.c.,22.22,-0.64,-2.80%,12071000,16497000,75800000000
2020-10-23,IBM,International Business Machines Corporation,119.11,-0.97,-0.81%,11825000,6299000,106134000000
2020-10-23,GILD,"Gilead Sciences, Inc.",65.6,+0.92,+1.42%,11724000,9334000,82232000000
2020-10-23,COP,ConocoPhillips,40.03,-1.08,-2.63%,11218000,12692000,54226000000
2020-10-23,AMRN,Amarin Corporation plc,7.5,+0.20,+2.74%,11659000,8119000,2916000000
2020-10-23,PSLV,Sprott Physical Silver Trust,9.58,+0.32,+3.46%,11553000,2122000,2372000000
2020-10-23,CVX,Chevron Corporation,85.2,-3.82,-4.29%,14697000,10986000,164011000000
2020-10-23,ORCL,Oracle Corporation,60.43,-0.79,-1.29%,11452000,10707000,177908000000
2020-10-23,APA,Apache Corporation,14.28,-0.66,-4.42%,11385000,10647000,5390000000
2020-10-23,HAL,Halliburton Company,17.63,-0.64,-3.50%,11373000,12127000,15585000000
2020-10-23,JMIA,Jumia Technologies AG,57.55,+1.10,+1.95%,11203000,15308000,5133000000
2020-10-23,BFT,Foley Trasimene Acquisition Corp. II,15.42,-0.22,-1.41%,9966000,10420000,2828000000
2020-10-23,RF,Regions Financial Corporation,17.01,-0.60,-3.41%,11010000,8879000,16337000000
2020-10-23,PK,Park Hotels & Resorts Inc.,16.68,-0.84,-4.79%,10997000,4807000,3930000000
2020-10-23,ABT,Abbott Laboratories,123.59,+3.20,+2.66%,10995000,5085000,219046000000
2020-10-23,EBAY,eBay Inc.,56.51,+0.07,+0.12%,10923000,8684000,38955000000
2020-10-23,WMT,Walmart Inc.,140.49,-3.26,-2.27%,10836000,7495000,397487000000
2020-10-23,DIS,The Walt Disney Company,168.17,-3.71,-2.16%,12227000,12125000,305104000000
2020-10-23,TWNK,"Hostess Brands, Inc.",15.35,+1.08,+7.57%,10603000,1452000,2007000000
2020-10-23,PINS,"Pinterest, Inc.",68.51,0.00,0.00%,10626000,12033000,42344000000
2020-10-23,CGC,Canopy Growth Corporation,40.07,-0.26,-0.64%,10671000,7132000,14909000000
2020-10-23,BEN,"Franklin Resources, Inc.",26.29,-1.44,-5.19%,8145000,3860000,13300000000
2020-10-23,WBA,"Walgreens Boots Alliance, Inc.",50.25,-0.43,-0.85%,10489000,8431000,43418000000
2020-10-23,LVS,Las Vegas Sands Corp.,48.09,-0.99,-2.02%,11105000,5613000,36732000000
2020-10-23,PCG,PG&E Corporation,11.43,-0.13,-1.12%,10416000,15906000,22684000000
2020-10-23,OTIS,Otis Worldwide Corporation,64.65,+0.82,+1.28%,10353000,2167000,28006000000
2020-10-23,UMC,United Microelectronics Corporation,9.05,-0.23,-2.48%,10095000,6261000,22227000000
2020-10-23,TEVA,Teva Pharmaceutical Industries Limited,11.78,-0.47,-3.84%,10094000,9236000,13574000000
2020-10-23,DVN,Devon Energy Corporation,16.46,-0.74,-4.30%,10817000,12599000,11079000000
2020-10-23,PYPL,"PayPal Holdings, Inc.",234.31,-3.48,-1.46%,9806000,9039000,274539000000
2020-10-23,GSX,GSX Techedu Inc.,105.01,+0.25,+0.24%,9635000,5676000,25060000000
2020-10-23,JD,"JD.com, Inc.",88.69,-2.72,-2.98%,10480000,12929000,138725000000
2020-10-23,MO,"Altria Group, Inc.",41.08,-1.57,-3.68%,11869000,9515000,76344000000
2020-10-23,KIM,Kimco Realty Corporation,16.51,-0.99,-5.66%,12814000,5134000,7141000000
2020-10-23,SQ,"Square, Inc.",215.96,-3.95,-1.80%,9384000,10011000,97384000000
2020-10-23,ABBV,AbbVie Inc.,102.48,-1.73,-1.66%,9376000,8246000,180860000000
2020-10-23,SYF,Synchrony Financial,33.65,-2.24,-6.24%,9288000,5233000,19645000000
2020-10-23,WMB,"The Williams Companies, Inc.",21.23,-0.23,-1.07%,9254000,9671000,25765000000
2020-10-23,BILI,Bilibili Inc.,113.89,-5.11,-4.29%,9741000,6241000,39341000000
2020-10-23,SWKS,"Skyworks Solutions, Inc.",169.25,+9.46,+5.92%,9055000,2244000,27909000000
2020-10-23,TME,Tencent Music Entertainment Group,26.6,-0.24,-0.89%,9115000,11306000,44622000000
2020-10-23,JBLU,JetBlue Airways Corporation,14.34,-0.31,-2.12%,9490000,9716000,4509000000
2020-10-23,DOW,Dow Inc.,51.9,-2.48,-4.56%,7831000,4163999.9999999995,38572000000
2020-10-23,AGNC,AGNC Investment Corp.,15.6,-0.22,-1.39%,8854000,6787000,8416000000
2020-10-23,LUV,Southwest Airlines Co.,43.94,-0.66,-1.48%,8861000,8435000,25945000000
2020-10-23,OPK,"OPKO Health, Inc.",5.41,+0.03,+0.56%,8737000,8733000,3625000000
2020-10-23,GFI,Gold Fields Limited,9.33,-0.54,-5.47%,8708000,6472000,8597000000
2020-10-23,FLEX,Flex Ltd.,17.64,-0.83,-4.49%,9240000,4942000,8840000000
2020-10-23,INFY,Infosys Limited,16.88,-0.76,-4.31%,8705000,8260999.999999999,72083000000
2020-10-23,AM,Antero Midstream Corporation,8.1,-0.13,-1.58%,8514000,5026000,3861000000
2020-10-23,NEE,"NextEra Energy, Inc.",80.87,-1.59,-1.93%,8597000,7877000,158430000000
2020-10-23,PG,The Procter & Gamble Company,128.21,-2.15,-1.65%,8343999.999999999,7088000,315715000000
2020-10-23,VTRS,Viatris Inc.,16.99,-0.20,-1.16%,8256000,14541000,20425000000
2020-10-23,SBUX,Starbucks Corporation,96.81,-1.34,-1.37%,8202999.999999999,6438000,113974000000
2020-10-23,BTG,B2Gold Corp.,4.95,-0.0100,-0.20%,8182000,7278000,5174000000
2020-10-23,SABR,Sabre Corporation,10.78,-0.52,-4.60%,8418000,9165000,3420000000
2020-10-23,HST,"Host Hotels & Resorts, Inc.",13.55,-0.70,-4.91%,8068000,9618000,9557000000
2020-10-23,BLNK,Blink Charging Co.,49.43,-3.72,-7.00%,8058000,14264000,2057000000
2020-10-23,HRL,Hormel Foods Corporation,46.86,-1.10,-2.29%,8026000,2363000,25301000000
2020-10-23,IPOF,Social Capital Hedosophia Holdings Corp. VI,14.48,+0.42,+2.99%,8010999.999999999,4736000,2081000000
2020-10-23,LKNCY,Luckin Coffee Inc.,10.87,-1.81,-14.27%,7989000,4420000,2752000000
2020-10-23,WORK,"Slack Technologies, Inc.",42.17,-0.07,-0.17%,7960000,20347000,24305000000
2020-10-23,QS,QuantumScape Corporation,43.75,-1.81,-3.97%,7967000,15684000,15923000000
2020-10-23,ON,ON Semiconductor Corporation,34.49,-0.76,-2.16%,7948000,7298000,14183000000
2020-10-23,AMAT,"Applied Materials, Inc.",96.68,-4.47,-4.42%,7943000,7417000,88719000000
2020-10-23,MRVL,Marvell Technology Group Ltd.,51.46,-0.72,-1.38%,7819000,9265000,34571000000
2020-10-23,WY,Weyerhaeuser Company,31.19,-1.83,-5.54%,7555000,4261000,23281000000
2020-10-23,HBI,Hanesbrands Inc.,15.29,-0.11,-0.71%,7533000,5878000,5326000000
2020-10-23,IRTC,"iRhythm Technologies, Inc.",168.42,-82.58,-32.90%,7506000,540417,4863000000
2020-10-23,FUTU,Futu Holdings Limited,99.41,+0.41,+0.41%,7572000,4630000,14394000000
2020-10-23,EPD,Enterprise Products Partners L.P.,20.23,-0.29,-1.41%,7551000,8756000,44160000000
2020-10-23,XL,XL Fleet Corp.,18.98,-0.11,-0.58%,7423000,8639000,2493000000
2020-10-23,CL,Colgate-Palmolive Company,78,-1.15,-1.45%,6580000,4105000.0000000005,66858999999.99999
2020-10-23,BK,The Bank of New York Mellon Corporation,39.83,-0.55,-1.36%,7165000,5510000,35320000000
2020-10-23,MRK,"Merck & Co., Inc.",77.07,-0.85,-1.09%,7648000,9155000,194989000000
2020-10-23,USB,U.S. Bancorp,42.85,-0.92,-2.10%,7340000,7410000,64580000000
2020-10-23,QRTEA,"Qurate Retail, Inc.",12.6,-0.15,-1.18%,8089000,4724000,5256000000
2020-10-23,HPE,Hewlett Packard Enterprise Company,12.34,-0.22,-1.75%,7344000,10678000,15962000000
2020-10-23,CDE,"Coeur Mining, Inc.",9.05,+0.07,+0.78%,7268000,5199000,2206000000
2020-10-23,AES,The AES Corporation,24.39,-0.16,-0.65%,7232000,6207000,16222999999.999998
2020-10-23,HMY,Harmony Gold Mining Company Limited,4.45,-0.0800,-1.77%,7207000,5538000,2725000000
2020-10-23,MGM,MGM Resorts International,28.56,-1.00,-3.38%,7836000,9623000,14107000000
2020-10-23,NKE,"NIKE, Inc.",133.59,-1.13,-0.84%,7166000,5605000,210603000000
2020-10-23,FSR,Fisker Inc.,15.03,-0.43,-2.78%,7148000,13524000,4167000000
2020-10-23,LLY,Eli Lilly and Company,207.97,-2.15,-1.02%,8402000,4685000,198940000000
2020-10-23,GIS,"General Mills, Inc.",58.1,-1.26,-2.12%,7119000,4059999.9999999995,35524000000
2020-10-23,QCOM,QUALCOMM Incorporated,156.28,+0.73,+0.47%,8240000,8285000,177495000000
2020-10-23,BKR,Baker Hughes Company,20.09,-0.51,-2.48%,6627000,7129000,20798000000
2020-10-23,FE,FirstEnergy Corp.,30.76,-0.10,-0.32%,5464000,6279000,16690000000.000002
2020-10-23,ATVI,"Activision Blizzard, Inc.",91,+0.73,+0.81%,7025000,6739000,70330000000
2020-10-23,LYG,Lloyds Banking Group plc,1.78,-0.0400,-2.20%,7125000,6758000,32085000000
2020-10-23,RRC,Range Resources Corporation,9.21,-0.13,-1.39%,7003000,6469000,2361000000
2020-10-23,IRM,Iron Mountain Incorporated,33.67,+0.26,+0.78%,8144000,4284000,9703000000
2020-10-23,TFC,Truist Financial Corporation,47.98,-1.17,-2.38%,6970000,5655000,64723000000
2020-10-23,DDD,3D Systems Corporation,35.54,-2.45,-6.45%,6891000,12085000,4412000000
2020-10-23,SLM,SLM Corporation,13.88,-0.05,-0.36%,8084000,4272000,5209000000
2020-10-23,ATUS,"Altice USA, Inc.",35.57,-0.91,-2.49%,6845000,6769000,20031000000
2020-10-23,COG,Cabot Oil & Gas Corporation,18.33,-0.05,-0.27%,6773000,5940000,7306000000
2020-10-23,CARR,Carrier Global Corporation,38.5,+0.30,+0.79%,15003000,5652000,33366999999.999996
2020-10-23,MA,Mastercard Incorporated,316.29,-7.99,-2.46%,6800000,4091000,314536000000
2020-10-23,PEP,"PepsiCo, Inc.",136.57,-2.62,-1.88%,6778000,4070000.0000000005,188734000000
2020-10-23,CNK,"Cinemark Holdings, Inc.",20.24,-1.03,-4.84%,6677000,10096000,2392000000
2020-10-23,SAN,"Banco Santander, S.A.",2.93,-0.0800,-2.66%,6672000,9471000,50672000000
2020-10-23,NEM,Newmont Corporation,59.6,-0.13,-0.22%,6670000,6274000,47880000000
2020-10-23,BNTX,BioNTech SE,116.94,+6.94,+6.31%,6623000,4147000.0000000005,28158000000
2020-10-23,GPS,"The Gap, Inc.",20.25,-0.37,-1.79%,6542000,8810000,7574000000
2020-10-23,ED,"Consolidated Edison, Inc.",70.78,+0.57,+0.81%,6228000,2751000,23705000000
2020-10-23,JWN,"Nordstrom, Inc.",35.45,-0.95,-2.61%,6516000,8907000,5590000000
2020-10-23,IQ,"iQIYI, Inc.",21.85,-0.08,-0.36%,6913000,11231000,17119000000
2020-10-23,CFG,"Citizens Financial Group, Inc.",36.44,-0.77,-2.07%,6383000,3903000,15568000000
2020-10-23,CRM,"salesforce.com, inc.",225.56,-0.94,-0.42%,5850000,9529000,207004000000
2020-10-23,CVS,CVS Health Corporation,71.65,-0.96,-1.32%,6038000,8419000,93783000000
2020-10-23,LB,"L Brands, Inc.",40.76,-0.67,-1.62%,6444000,4458000,11336000000
2020-10-23,PAAS,Pan American Silver Corp.,32.46,+1.18,+3.77%,6536000,2760000,6776000000
2020-10-23,IPG,"The Interpublic Group of Companies, Inc.",24.07,-0.55,-2.23%,6394000,3772000,9388000000
2020-10-23,BRK-B,Berkshire Hathaway Inc.,227.87,-3.08,-1.33%,5919000,5448000,535784000000
2020-10-23,KEY,KeyCorp,16.86,-0.46,-2.66%,9280000,8866000,16452000000.000002
2020-10-23,MT,ArcelorMittal,21.59,-0.87,-3.87%,6354000,4152999.9999999995,23123000000
2020-10-23,FTI,TechnipFMC plc,10.69,-0.26,-2.37%,6331000,7260000,4894000000
2020-10-23,FHN,First Horizon Corporation,13.89,-0.32,-2.25%,4821000,5421000,7706000000
2020-10-23,RIDE,Lordstown Motors Corp.,25.18,-0.14,-0.55%,6243000,9302000,4152999999.9999995
2020-10-23,PRSP,Perspecta Inc.,28.95,+0.04,+0.14%,6232000,1352000,4663000000
2020-10-23,RMO,"Romeo Power, Inc.",17.77,-0.43,-2.36%,6206000,6782000,2253000000
2020-10-23,MPC,Marathon Petroleum Corporation,43.16,-1.61,-3.60%,6181000,6983000,28082000000
2020-10-23,AA,Alcoa Corporation,18,-0.50,-2.70%,6705000,5703000,3348000000
2020-10-23,EQT,EQT Corporation,16.31,-0.13,-0.79%,6009000,5963000,4495000000
2020-10-23,NVDA,NVIDIA Corporation,519.59,-2.45,-0.47%,6559000,7777000,321626000000
2020-10-23,BCS,Barclays PLC,7.28,-0.26,-3.45%,6054000,4411000,31812000000
2020-10-23,BIDU,"Baidu, Inc.",235.02,-9.85,-4.02%,6839000,8013000,80160000000
2020-10-23,CCJ,Cameco Corporation,12.42,-0.37,-2.89%,3671000,4083999.9999999995,4908000000
2020-10-23,TIGR,UP Fintech Holding Limited,15.78,-0.70,-4.25%,6006000,4427000,2225000000
2020-10-23,JCI,Johnson Controls International plc,49.82,+0.48,+0.97%,6002000,5143000,35789000000
2020-10-23,NTAP,"NetApp, Inc.",66.44,-0.96,-1.42%,5980000,2140000,14842000000
2020-10-23,AEO,"American Eagle Outfitters, Inc.",22.69,-0.31,-1.35%,5657000,5612000,3771000000
2020-10-23,TXN,Texas Instruments Incorporated,165.69,-2.52,-1.50%,5970000,4223000,152328000000
2020-10-23,BAM,Brookfield Asset Management Inc.,38.84,-0.91,-2.29%,4624000,2864000,58293000000
2020-10-23,NLOK,NortonLifeLock Inc.,21.07,-0.23,-1.08%,5936000,6482000,12471000000
2020-10-23,LU,Lufax Holding Ltd,15.94,+0.99,+6.62%,5930000,7977000,40669000000
2020-10-23,VIPS,Vipshop Holdings Limited,27.42,-0.27,-0.98%,5891000,7323000,18572000000
2020-10-23,PPL,PPL Corporation,27.67,-0.46,-1.64%,5881000,4806000,21273000000
2020-10-23,ETRN,Equitrans Midstream Corporation,6.65,-0.04,-0.60%,5863000,5533000,2876000000
2020-10-23,HWM,Howmet Aerospace Inc.,24.58,-0.18,-0.73%,5861000,4035000,10658000000
2020-10-23,PBR-A,Petróleo Brasileiro S.A. - Petrobras,9.78,-0.49,-4.77%,5859000,6998000,65777000000
2020-10-23,CLNE,Clean Energy Fuels Corp.,10.23,-0.21,-2.01%,5856000,7565000,2028000000
2020-10-23,GGB,Gerdau S.A.,4.24,-0.2300,-5.15%,5832000,5359000,6904000000
2020-10-23,EOG,"EOG Resources, Inc.",50.96,-2.76,-5.14%,6486000,5562000,29729000000
2020-10-23,LAC,Lithium Americas Corp.,19.71,-0.10,-0.50%,5846000,6413000,2353000000
2020-10-23,DHR,Danaher Corporation,237.84,+9.27,+4.06%,5231000,2655000,169104000000
2020-10-23,DCT,"Duck Creek Technologies, Inc.",48.34,+1.39,+2.96%,5737000,631164,6329000000
2020-10-23,PSX,Phillips 66,67.8,-3.65,-5.11%,5733000,3689000,29615000000
2020-10-23,K,Kellogg Company,58.94,-1.23,-2.04%,5715000,2546000,20258000000
2020-10-23,DBX,"Dropbox, Inc.",22.63,-0.45,-1.97%,5711000,7493000,9360000000
2020-10-23,UNM,Unum Group,23.23,-1.08,-4.44%,5699000,2528000,4731000000
2020-10-23,MDT,Medtronic plc,111.33,-3.44,-3.00%,7315000,4400000,149852000000
2020-10-23,LYFT,"Lyft, Inc.",44.46,-1.76,-3.81%,5631000,9646000,14117000000
2020-10-23,SKLZ,Skillz Inc.,27.62,+1.00,+3.76%,5611000,4711000,10214000000
2020-10-23,OPEN,Opendoor Technologies Inc.,26.12,+1.10,+4.40%,5604000,4423000,14220000000
2020-10-23,VOD,Vodafone Group Plc,17.15,-0.36,-2.06%,5599000,3740000,45971000000
2020-10-23,WU,The Western Union Company,22.27,-0.66,-2.88%,5581000,4701000,9156000000
2020-10-23,GLW,Corning Incorporated,35.87,-0.57,-1.56%,5566000,3977000,27441000000
2020-10-23,FISV,"Fiserv, Inc.",102.69,-2.56,-2.43%,5524000,4369000,68661000000
2020-10-23,FTCH,Farfetch Limited,61.24,+0.52,+0.86%,5558000,5960000,20814000000
2020-10-23,EQH,"Equitable Holdings, Inc.",24.78,-0.71,-2.79%,5417000,3113000,11019000000
2020-10-23,NOV,NOV Inc.,12.38,-0.24,-1.90%,5503000,6004000,4807000000
2020-10-23,CRON,Cronos Group Inc.,10.35,-0.13,-1.24%,5437000,6560000,3664000000
2020-10-23,RCL,Royal Caribbean Group,65,-4.05,-5.87%,5373000,5364000,15430000000
2020-10-23,SAVE,"Spirit Airlines, Inc.",25.94,-0.77,-2.88%,5341000,7211000,2534000000
2020-10-23,BLDP,Ballard Power Systems Inc.,34.17,+0.17,+0.50%,5248000,6294000,9607000000
2020-10-23,AFL,Aflac Incorporated,45.18,-0.94,-2.04%,4993000,4009000.0000000005,31736000000
2020-10-23,DHI,"D.R. Horton, Inc.",76.8,0.00,0.00%,5071000,3277000,27932000000
2020-10-23,MET,"MetLife, Inc.",48.15,-1.42,-2.86%,6852000,5815000,43333000000
2020-10-23,NI,NiSource Inc.,22.15,-0.02,-0.09%,5159000,3068000,8488000000
2020-10-23,UMPQ,Umpqua Holdings Corporation,14.51,-0.67,-4.41%,5148000,1505000,3195000000
2020-10-23,GOEV,Canoo Inc.,15.07,-0.40,-2.59%,5121000,4676000,3551000000
2020-10-23,GSK,GlaxoSmithKline plc,37.25,-0.78,-2.05%,5114000,4821000,93669000000
2020-10-23,PAA,"Plains All American Pipeline, L.P.",8.37,-0.21,-2.45%,5076000,6289000,6097000000
2020-10-23,AXP,American Express Company,116.26,-2.71,-2.28%,4572000,4340000,93613000000
2020-10-23,NRZ,New Residential Investment Corp.,9.39,-0.37,-3.79%,5005000,4335000,3904000000
